{
  "config_id": "Cu10_01",
  "size": 10,
  "xc": "PBE+D3(BJ)",
  "scf_conv_eV": 1e-05,
  "forces_stored": true,
  "wavefunctions": "/home/jay/jay_brain/catalyst-project/projects/mlip-nanocluster-benchmark/results/gpaw/Cu10/wavefunctions",
  "e_cluster_eV": -22.083555577430104,
  "e_h2_eV": -6.662395251634942,
  "n_sites_total": 4,
  "n_computed": 4,
  "n_failed": 0,
  "dgh_gpaw_min": -0.112274,
  "dgh_gpaw_max": 0.498054,
  "dgh_gpaw_mean": 0.046227,
  "dgh_mace_min": -0.04424,
  "dgh_mace_max": -0.02987,
  "mae_eV": 0.190933,
  "rmse_eV": 0.278621,
  "total_time_s": 686.6,
  "sites": [
    {
      "site_global_id": "Cu10_01_site000",
      "config_id": "Cu10_01",
      "size": 10,
      "site_idx": 0,
      "site_type": "hollow",
      "site_atoms": [
        1,
        3,
        5
      ],
      "dgh_mace_eV": -0.03102,
      "e_cluster_eV": -22.083555577430104,
      "e_h2_eV": -6.662395251634942,
      "e_clus_h_eV": -25.767027,
      "forces_eVA": [
        [
          0.8986532140819943,
          0.6621270235601506,
          -0.39677011695119463
        ],
        [
          -0.5814950462368115,
          -0.165987950199516,
          0.2427661702826782
        ],
        [
          -0.29025975415966804,
          0.4583142705105118,
          -0.2573057100459588
        ],
        [
          -0.22673591435547416,
          0.6900384300044999,
          -0.2739763872205152
        ],
        [
          0.19472509593896745,
          -0.20671316462998035,
          -0.17030181656613808
        ],
        [
          0.4157745230147379,
          -0.7565978776147096,
          -0.11534059897304914
        ],
        [
          -0.10425214383513141,
          -0.3926739276427653,
          0.4006690731601361
        ],
        [
          -0.19940174416130016,
          -0.06901777779795991,
          0.46341248131193774
        ],
        [
          0.3783320898844118,
          0.11264013379401945,
          0.46060917654423195
        ],
        [
          0.1780088956189536,
          0.2877220013012382,
          0.16657567365145845
        ],
        [
          -0.6647516335541631,
          -0.6170530646965867,
          -0.527515688463662
        ]
      ],
      "dgh_gpaw_eV": -0.112274,
      "delta_dgh_eV": -0.081254,
      "gpw_path": "/home/jay/jay_brain/catalyst-project/projects/mlip-nanocluster-benchmark/results/gpaw/Cu10/wavefunctions/site_000_hollow.gpw",
      "xc": "PBE+D3(BJ)",
      "status": "ok",
      "time_s": 171.1
    },
    {
      "site_global_id": "Cu10_01_site001",
      "config_id": "Cu10_01",
      "size": 10,
      "site_idx": 1,
      "site_type": "hollow",
      "site_atoms": [
        1,
        6,
        7
      ],
      "dgh_mace_eV": -0.04424,
      "e_cluster_eV": -22.083555577430104,
      "e_h2_eV": -6.662395251634942,
      "e_clus_h_eV": -25.156699,
      "forces_eVA": [
        [
          0.858475326118199,
          0.5275214287575413,
          -0.8800197328164289
        ],
        [
          -0.6728375125135307,
          -0.06519167443489528,
          -0.516688425794043
        ],
        [
          -0.4634188840532373,
          0.6062408371647511,
          -0.09330147430012187
        ],
        [
          -0.3846932934005425,
          -0.01936870114012466,
          -0.2742205463973854
        ],
        [
          0.25982502027980997,
          -0.39546256152932924,
          0.08046855577457143
        ],
        [
          -0.08102702298160533,
          -0.5846290641673912,
          -0.4345331876202737
        ],
        [
          0.4227064486083378,
          -0.679406992304611,
          0.1511064028640707
        ],
        [
          0.028307818949888812,
          0.6074226374975759,
          0.5831313419589936
        ],
        [
          0.5485140556539808,
          0.014698067676214847,
          0.4805349257805703
        ],
        [
          0.005512696315473537,
          0.34540555060682415,
          0.29039278051230766
        ],
        [
          -0.5243406574682605,
          -0.3537805772313975,
          0.607974534551399
        ]
      ],
      "dgh_gpaw_eV": 0.498054,
      "delta_dgh_eV": 0.542294,
      "gpw_path": "/home/jay/jay_brain/catalyst-project/projects/mlip-nanocluster-benchmark/results/gpaw/Cu10/wavefunctions/site_001_hollow.gpw",
      "xc": "PBE+D3(BJ)",
      "status": "ok",
      "time_s": 176.7
    },
    {
      "site_global_id": "Cu10_01_site002",
      "config_id": "Cu10_01",
      "size": 10,
      "site_idx": 2,
      "site_type": "hollow",
      "site_atoms": [
        4,
        5,
        6
      ],
      "dgh_mace_eV": -0.02987,
      "e_cluster_eV": -22.083555577430104,
      "e_h2_eV": -6.662395251634942,
      "e_clus_h_eV": -25.752784,
      "forces_eVA": [
        [
          0.6054335475028074,
          0.8274904946485192,
          -0.5615682711668313
        ],
        [
          -0.5294338666126941,
          -0.1561228002798414,
          0.14364997716195105
        ],
        [
          -0.34927686721927514,
          0.5491797360234536,
          0.05660129211136153
        ],
        [
          -0.062130351178156636,
          -0.05218456468923297,
          -0.30413692427550765
        ],
        [
          0.7348479413334627,
          0.16245342354736297,
          0.2563907778743396
        ],
        [
          -0.49117032547099515,
          -0.25630886467271824,
          -0.6371093896205624
        ],
        [
          -0.16433867469443791,
          -0.39602346506687336,
          0.487450709337825
        ],
        [
          -0.30834682444891903,
          -0.004427577564951442,
          0.3980360695232907
        ],
        [
          0.5254676474980344,
          -0.019453360974613792,
          0.20311892360098513
        ],
        [
          0.011019277983675179,
          0.3818292081090854,
          0.06902946723548467
        ],
        [
          0.02461114989860703,
          -1.0344235929191408,
          -0.11652769523543427
        ]
      ],
      "dgh_gpaw_eV": -0.09803,
      "delta_dgh_eV": -0.06816,
      "gpw_path": "/home/jay/jay_brain/catalyst-project/projects/mlip-nanocluster-benchmark/results/gpaw/Cu10/wavefunctions/site_002_hollow.gpw",
      "xc": "PBE+D3(BJ)",
      "status": "ok",
      "time_s": 175.4
    },
    {
      "site_global_id": "Cu10_01_site003",
      "config_id": "Cu10_01",
      "size": 10,
      "site_idx": 3,
      "site_type": "hollow",
      "site_atoms": [
        4,
        6,
        8
      ],
      "dgh_mace_eV": -0.03082,
      "e_cluster_eV": -22.083555577430104,
      "e_h2_eV": -6.662395251634942,
      "e_clus_h_eV": -25.757597,
      "forces_eVA": [
        [
          0.36309821768845607,
          0.5921237951291364,
          -0.9295660353697788
        ],
        [
          -0.41707864563380237,
          -0.12655956882757424,
          0.18738622860256948
        ],
        [
          -0.47754716682624215,
          0.4144905680418221,
          -0.14398840273540944
        ],
        [
          -0.24178351471626394,
          0.1510622659149973,
          -0.2910390311007702
        ],
        [
          0.12606392271811862,
          -0.42561695094424706,
          -0.6071474810395489
        ],
        [
          0.12710032607122385,
          -0.4014811401258269,
          -0.3741525047427384
        ],
        [
          -0.25110121740736996,
          -0.48744555342783785,
          0.35832123803927307
        ],
        [
          -0.3213720702463075,
          0.05401269608209543,
          0.5053420031849345
        ],
        [
          0.30625084734067537,
          0.5850898249204204,
          0.5683925960906016
        ],
        [
          0.20551909127882598,
          0.2041814331975828,
          0.08161577660724896
        ],
        [
          0.5880133017983757,
          -0.5579323230642171,
          0.6400447615072483
        ]
      ],
      "dgh_gpaw_eV": -0.102844,