{
  "config_id": "Cu10_00",
  "size": 10,
  "n_sites_total": 6,
  "n_computed": 6,
  "n_failed": 0,
  "xc": "PBE+D3(BJ)",
  "mae_eV": 0.180452,
  "rmse_eV": 0.246188,
  "pearson_r": -0.922725,
  "dgh_gpaw_min": -0.126443,
  "dgh_gpaw_max": 0.496314,
  "dgh_mace_min": -0.04428,
  "dgh_mace_max": -0.02997,
  "sites": [
    {
      "site_global_id": "Cu10_00_site000",
      "config_id": "Cu10_00",
      "size": 10,
      "site_idx": 0,
      "site_type": "hollow",
      "site_atoms": [
        1,
        3,
        5
      ],
      "dgh_mace_eV": -0.03206,
      "e_cluster_eV": -22.079046792981075,
      "e_h2_eV": -6.662395251634942,
      "e_clus_h_eV": -25.474161,
      "forces_eVA": [
        [
          0.8144499817272467,
          0.548554730862233,
          -0.6160451530754022
        ],
        [
          -0.39455958806438923,
          -0.5121541422533716,
          0.21393726035133004
        ],
        [
          -0.03821547440231406,
          0.23885621826945044,
          -0.1311891468532728
        ],
        [
          -0.4550496758779022,
          -0.018317117705219255,
          -0.3567761026903284
        ],
        [
          0.3739566241287609,
          -0.36697750716384286,
          -0.09510086045723948
        ],
        [
          0.3602687799723663,
          -0.04283436980091265,
          -0.1564849129530877
        ],
        [
          -0.17279906431470718,
          -0.11978948470112391,
          0.48311102735034006
        ],
        [
          -0.35364091585013124,
          -0.03247595485419377,
          0.4101626545013951
        ],
        [
          0.31112952156304835,
          0.15104129219127344,
          0.07810208211478809
        ],
        [
          0.1521923920691129,
          0.4288446251100182,
          0.39224534977421877
        ],
        [
          -0.5953921190995767,
          -0.27172843473604635,
          -0.2246316603775194
        ]
      ],
      "dgh_gpaw_eV": 0.176084,
      "delta_dgh_eV": 0.208144,
      "gpw_path": "/home/jay/jay_brain/catalyst-project/projects/mlip-nanocluster-benchmark/results/gpaw/Cu10/wavefunctions/site_000_hollow.gpw",
      "xc": "PBE+D3(BJ)",
      "status": "ok",
      "time_s": 326.3
    },
    {
      "site_global_id": "Cu10_00_site001",
      "config_id": "Cu10_00",
      "size": 10,
      "site_idx": 1,
      "site_type": "hollow",
      "site_atoms": [
        1,
        6,
        7
      ],
      "dgh_mace_eV": -0.04428,
      "e_cluster_eV": -22.079046792981075,
      "e_h2_eV": -6.662395251634942,
      "e_clus_h_eV": -25.15393,
      "forces_eVA": [
        [
          0.7381078709140847,
          0.5527475870103493,
          -0.9666170919542078
        ],
        [
          -0.2732622000010262,
          -0.6877731557353112,
          -0.4050806600073162
        ],
        [
          -0.30088113806350175,
          0.36270460941870575,
          0.05686179836162347
        ],
        [
          -0.6055531045584661,
          0.04026745214851609,
          -0.42591586532306713
        ],
        [
          0.4204888417658613,
          -0.6073350880702966,
          -0.04360034650167686
        ],
        [
          -0.13072684221480743,
          -0.37182957059603033,
          -0.24133628321661385
        ],
        [
          0.6171507946109914,
          -0.07990706065258231,
          0.5386456355999245
        ],
        [
          -0.526690681390432,
          0.6325212235079949,
          0.1235084495716908
        ],
        [
          0.36733309271203574,
          -0.03897530563737503,
          0.3183799048090497
        ],
        [
          0.1776541167475421,
          0.5417273966090571,
          0.3953859225342816
        ],
        [
          -0.47780233155277696,
          -0.3482761415393616,
          0.6484438254966676
        ]
      ],
      "dgh_gpaw_eV": 0.496314,
      "delta_dgh_eV": 0.540594,
      "gpw_path": "/home/jay/jay_brain/catalyst-project/projects/mlip-nanocluster-benchmark/results/gpaw/Cu10/wavefunctions/site_001_hollow.gpw",
      "xc": "PBE+D3(BJ)",
      "status": "ok",
      "time_s": 277.3
    },
    {
      "site_global_id": "Cu10_00_site002",
      "config_id": "Cu10_00",
      "size": 10,
      "site_idx": 2,
      "site_type": "hollow",
      "site_atoms": [
        2,
        3,
        7
      ],
      "dgh_mace_eV": -0.03174,
      "e_cluster_eV": -22.079046792981075,
      "e_h2_eV": -6.662395251634942,
      "e_clus_h_eV": -25.762259,
      "forces_eVA": [
        [
          0.9666463933030469,
          0.26033208011433434,
          -0.6295567624555702
        ],
        [
          -0.30869757993716285,
          -0.4641748668211637,
          0.22947078897558146
        ],
        [
          0.2938188005569184,
          0.6308106481437268,
          0.17035221882393756
        ],
        [
          -0.3980821969251707,
          -0.5085786444979514,
          -0.6046030515754139
        ],
        [
          0.40347368037562725,
          -0.4671102819418843,
          0.09336656552675837
        ],
        [
          -0.07023276277929902,
          -0.059746852026211585,
          -0.31176770926471364
        ],
        [
          -0.07777045209439588,
          -0.25245600020429837,
          0.39749410264851975
        ],
        [
          -0.4180540058592365,
          0.01716352428158889,
          0.5305100431874847
        ],
        [
          0.3944717820959278,
          -0.06254015742470274,
          0.10111963712132735
        ],
        [
          0.12558835230017135,
          0.5032269685190138,
          0.11874524956812409
        ],
        [
          -0.906525850661898,
          0.39472590741336827,
          -0.09169657484157324
        ]
      ],
      "dgh_gpaw_eV": -0.112014,
      "delta_dgh_eV": -0.080274,
      "gpw_path": "/home/jay/jay_brain/catalyst-project/projects/mlip-nanocluster-benchmark/results/gpaw/Cu10/wavefunctions/site_002_hollow.gpw",
      "xc": "PBE+D3(BJ)",
      "status": "ok",
      "time_s": 302.4
    },
    {
      "site_global_id": "Cu10_00_site003",
      "config_id": "Cu10_00",
      "size": 10,
      "site_idx": 3,
      "site_type": "hollow",
      "site_atoms": [
        2,
        7,
        9
      ],
      "dgh_mace_eV": -0.03088,
      "e_cluster_eV": -22.079046792981075,
      "e_h2_eV": -6.662395251634942,
      "e_clus_h_eV": -25.776688,
      "forces_eVA": [
        [
          0.6614288830866155,
          0.05957175358522466,
          -0.9647495639544272
        ],
        [
          -0.24469760673629518,
          -0.36390153350186494,
          0.26025333776613946
        ],
        [
          -0.37963556207432797,
          0.18809814442619519,
          -0.5511885821533413
        ],
        [
          -0.37349913814724145,
          0.19326957032738054,
          -0.3905178925986396
        ],
        [
          0.23369549622861066,
          -0.5773288854872829,
          -0.0891667864572884
        ],
        [
          0.07312045962824032,
          -0.2810765265101196,
          -0.2798294805865671
        ],
        [
          -0.025422790220858027,
          -0.2718549078306497,
          0.5050496157277987
        ],
        [
          -0.5295602787649794,
          -0.05162368954066954,
          0.410624411728394
        ],
        [
          0.28592315694095266,
          0.17707736946768693,
          0.08907662890851607
        ],
        [
          0.5914130687697797,
          0.20715319015085298,
          0.48987656901493737
        ],
        [
          -0.28942425020739043,
          0.728835948216248,
          0.5220624230607678
        ]
      ],
      "dgh_gpaw_eV": -0.126443,
      "delta_dgh_eV": -0.095563,
      "gpw_path": "/home/jay/jay_brain/catalyst-project/projects/mlip-nanocluster-benchmark/results/gpaw/Cu10/wavefunctions/site_003_hollow.gpw",
      "xc": "PBE+D3(BJ)",
      "status": "ok",