{
  "config_id": "Cu10_02",
  "size": 10,
  "xc": "PBE+D3(BJ)",
  "scf_conv_eV": 1e-05,
  "forces_stored": true,
  "wavefunctions": "/home/jay/jay_brain/catalyst-project/projects/mlip-nanocluster-benchmark/results/gpaw/Cu10/wavefunctions",
  "e_cluster_eV": -22.081836357392294,
  "e_h2_eV": -6.662395251634942,
  "n_sites_total": 5,
  "n_computed": 5,
  "n_failed": 0,
  "dgh_gpaw_min": -0.114167,
  "dgh_gpaw_max": 0.497245,
  "dgh_gpaw_mean": 0.016011,
  "dgh_mace_min": -0.04286,
  "dgh_mace_max": -0.02878,
  "mae_eV": 0.167525,
  "rmse_eV": 0.250588,
  "total_time_s": 865.0,
  "sites": [
    {
      "site_global_id": "Cu10_02_site000",
      "config_id": "Cu10_02",
      "size": 10,
      "site_idx": 0,
      "site_type": "hollow",
      "site_atoms": [
        1,
        3,
        5
      ],
      "dgh_mace_eV": -0.03009,
      "e_cluster_eV": -22.081836357392294,
      "e_h2_eV": -6.662395251634942,
      "e_clus_h_eV": -25.767201,
      "forces_eVA": [
        [
          0.9340070984747418,
          0.5678989644949286,
          -0.41146036848218315
        ],
        [
          -0.3213929464182507,
          -0.48680358688164227,
          0.29663721942194904
        ],
        [
          -0.15025230396155903,
          0.21076281176308848,
          -0.21460422071712748
        ],
        [
          -0.5661167163949701,
          0.6404206123670593,
          -0.250032144011664
        ],
        [
          0.3209064673799423,
          -0.3892964694886247,
          -0.18122397902401616
        ],
        [
          0.5895229621562404,
          -0.44441083636256623,
          -0.18345327946081283
        ],
        [
          -0.14186704175919235,
          -0.1375885805731714,
          0.43665126285574446
        ],
        [
          -0.46104174783888746,
          0.0677087125712631,
          0.3928994553800908
        ],
        [
          0.31444434429479434,
          0.10487805508886186,
          0.1771766923302031
        ],
        [
          0.1901503123625214,
          0.40154455121884175,
          0.4348507490520581
        ],
        [
          -0.7128381346850917,
          -0.5376317639533738,
          -0.5073896419566686
        ]
      ],
      "dgh_gpaw_eV": -0.114167,
      "delta_dgh_eV": -0.084077,
      "gpw_path": "/home/jay/jay_brain/catalyst-project/projects/mlip-nanocluster-benchmark/results/gpaw/Cu10/wavefunctions/site_000_hollow.gpw",
      "xc": "PBE+D3(BJ)",
      "status": "ok",
      "time_s": 178.9
    },
    {
      "site_global_id": "Cu10_02_site001",
      "config_id": "Cu10_02",
      "size": 10,
      "site_idx": 1,
      "site_type": "hollow",
      "site_atoms": [
        1,
        4,
        5
      ],
      "dgh_mace_eV": -0.03136,
      "e_cluster_eV": -22.081836357392294,
      "e_h2_eV": -6.662395251634942,
      "e_clus_h_eV": -25.754638,
      "forces_eVA": [
        [
          0.552874501394344,
          0.8146011760286958,
          -0.6067201557823417
        ],
        [
          -0.45772246791423465,
          -0.3988236795753173,
          0.22333621395413317
        ],
        [
          -0.11088711715956415,
          0.3901387823481337,
          -0.0234981890635013
        ],
        [
          -0.24745055857128445,
          0.030036201829347166,
          -0.5121374605130106
        ],
        [
          0.7190284493706289,
          -0.20292181786635838,
          0.4673066812792188
        ],
        [
          -0.2912623510462329,
          0.08341021325328546,
          -0.6096777330652217
        ],
        [
          -0.08841756046839237,
          -0.16705999995141907,
          0.5493400701555028
        ],
        [
          -0.3615217367081922,
          0.004460220009592914,
          0.369234068050503
        ],
        [
          0.30597494892877286,
          -0.08896608913511898,
          0.001177943222098226
        ],
        [
          -0.01972479579626401,
          0.5410392250804007,
          0.3246259329151229
        ],
        [
          -0.0059355024345214644,
          -1.0039285680921917,
          -0.1838544041560756
        ]
      ],
      "dgh_gpaw_eV": -0.101604,
      "delta_dgh_eV": -0.070244,
      "gpw_path": "/home/jay/jay_brain/catalyst-project/projects/mlip-nanocluster-benchmark/results/gpaw/Cu10/wavefunctions/site_001_hollow.gpw",
      "xc": "PBE+D3(BJ)",
      "status": "ok",
      "time_s": 174.0
    },
    {
      "site_global_id": "Cu10_02_site002",
      "config_id": "Cu10_02",
      "size": 10,
      "site_idx": 2,
      "site_type": "hollow",
      "site_atoms": [
        1,
        6,
        7
      ],
      "dgh_mace_eV": -0.04286,
      "e_cluster_eV": -22.081836357392294,
      "e_h2_eV": -6.662395251634942,
      "e_clus_h_eV": -25.155789,
      "forces_eVA": [
        [
          0.8232976719519506,
          0.5055537374709873,
          -0.892329159351775
        ],
        [
          -0.19822487839734595,
          -0.6806216674920034,
          -0.4197548602942127
        ],
        [
          -0.32415099644047307,
          0.35583452458201353,
          0.007478833028106621
        ],
        [
          -0.5225237042631157,
          0.07012203126041594,
          -0.49982644596858833
        ],
        [
          0.3989857821115354,
          -0.5700205739244224,
          0.01013027151834692
        ],
        [
          -0.10590618934578706,
          -0.39626017092225935,
          -0.22749588521076633
        ],
        [
          0.5832182315214074,
          -0.08685327751693882,
          0.6072081964773581
        ],
        [
          -0.5562538066140705,
          0.6032305545548606,
          0.061604741635908164
        ],
        [
          0.3048540019928539,
          -0.06348552362150574,
          0.32472633898916603
        ],
        [
          0.1459139723533233,
          0.5858029222922895,
          0.425474361489282
        ],
        [
          -0.5496413853634408,
          -0.32433134286551496,
          0.597966040729382
        ]
      ],
      "dgh_gpaw_eV": 0.497245,
      "delta_dgh_eV": 0.540105,
      "gpw_path": "/home/jay/jay_brain/catalyst-project/projects/mlip-nanocluster-benchmark/results/gpaw/Cu10/wavefunctions/site_002_hollow.gpw",
      "xc": "PBE+D3(BJ)",
      "status": "ok",
      "time_s": 167.3
    },
    {
      "site_global_id": "Cu10_02_site003",
      "config_id": "Cu10_02",
      "size": 10,
      "site_idx": 3,
      "site_type": "hollow",
      "site_atoms": [
        2,
        3,
        7
      ],
      "dgh_mace_eV": -0.02944,
      "e_cluster_eV": -22.081836357392294,
      "e_h2_eV": -6.662395251634942,
      "e_clus_h_eV": -25.754996,
      "forces_eVA": [
        [
          1.01942849062342,
          0.22187566366507327,
          -0.528131487798893
        ],
        [
          -0.2882693520852946,
          -0.4538856133613466,
          0.20268843429916458
        ],
        [
          0.29500490284338254,
          0.651900481096604,
          0.1763418065056781
        ],
        [
          -0.3045666616566645,
          -0.46777976209182676,
          -0.6389138156045654
        ],
        [
          0.36797471754022004,
          -0.4320678591534043,
          0.14357984952311983
        ],
        [
          -0.03589845686704269,
          -0.08997065810542622,
          -0.2942754102496306
        ],
        [
          -0.10634551333995415,
          -0.2622279078441832,
          0.391038607312683
        ],
        [
          -0.49242509285464364,
          0.02241983473645875,
          0.47716256289940734
        ],
        [
          0.3570450795689054,
          -0.09317110481927333,
          0.10743132103270649
        ],
        [
          0.13092366115049003,
          0.5424978405235228,
          0.15398866382992607
        ],
        [
          -0.941669347630158,
          0.3563248333012759,
          -0.19413623385659087
        ]
      ],
      "dgh_gpaw_eV": -0.101962,