{
  "meta": {
    "n_bootstrap": 1000,
    "ci_level": 0.95,
    "seed": 42,
    "note": "Bootstrap percentile CI on Spearman rho and top-10%/20% recall. Small-n groups (Cu10 n=6, Cu40 n=5) show wide CIs \u2014 interpret per-size rho values cautiously."
  },
  "overall": {
    "MACE-MP-0": {
      "n": 145,
      "spearman_rho": 0.529047648102993,
      "spearman_ci_lo": 0.37864727454838504,
      "spearman_ci_hi": 0.6496004797031208,
      "spearman_ci_width": 0.2709532051547358,
      "top10_recall": 0.0,
      "top10_ci_lo": 0.0,
      "top10_ci_hi": 0.21428571428571427,
      "top20_recall": 0.20689655172413793,
      "top20_ci_lo": 0.06896551724137931,
      "top20_ci_hi": 0.3793103448275862
    },
    "CHGNet": {
      "n": 145,
      "spearman_rho": 0.4917754012907842,
      "spearman_ci_lo": 0.3227482068719802,
      "spearman_ci_hi": 0.6178614899255939,
      "spearman_ci_width": 0.2951132830536137,
      "top10_recall": 0.0,
      "top10_ci_lo": 0.0,
      "top10_ci_hi": 0.0,
      "top20_recall": 0.06896551724137931,
      "top20_ci_lo": 0.0,
      "top20_ci_hi": 0.1724137931034483
    },
    "TensorNet": {
      "n": 145,
      "spearman_rho": 0.7583478569794423,
      "spearman_ci_lo": 0.6643220772314878,
      "spearman_ci_hi": 0.8280694581165153,
      "spearman_ci_width": 0.1637473808850275,
      "top10_recall": 0.14285714285714285,
      "top10_ci_lo": 0.0,
      "top10_ci_hi": 0.35714285714285715,
      "top20_recall": 0.2413793103448276,
      "top20_ci_lo": 0.06896551724137931,
      "top20_ci_hi": 0.41379310344827586
    }
  },
  "by_size": {
    "MACE-MP-0": {
      "10": {
        "n": 6,
        "spearman_rho": -0.48571428571428577,
        "spearman_ci_lo": -1.0,
        "spearman_ci_hi": 1.0,
        "spearman_ci_width": 2.0,
        "top10_recall": 1.0,
        "top10_ci_lo": 0.0,
        "top10_ci_hi": 1.0,
        "top20_recall": 1.0,
        "top20_ci_lo": 0.0,
        "top20_ci_hi": 1.0
      },
      "20": {
        "n": 35,
        "spearman_rho": 0.42240896358543417,
        "spearman_ci_lo": 0.05541136506364456,
        "spearman_ci_hi": 0.7106213749587459,
        "spearman_ci_width": 0.6552100098951014,
        "top10_recall": 0.25,
        "top10_ci_lo": 0.0,
        "top10_ci_hi": 0.5,
        "top20_recall": 0.42857142857142855,
        "top20_ci_lo": 0.0,
        "top20_ci_hi": 0.7142857142857143
      },
      "30": {
        "n": 31,
        "spearman_rho": 0.6036290322580645,
        "spearman_ci_lo": 0.30606110682103915,
        "spearman_ci_hi": 0.8173357120964526,
        "spearman_ci_width": 0.5112746052754135,
        "top10_recall": 0.0,
        "top10_ci_lo": 0.0,
        "top10_ci_hi": 0.6666666666666666,
        "top20_recall": 0.3333333333333333,
        "top20_ci_lo": 0.0,
        "top20_ci_hi": 0.6666666666666666
      },
      "40": {
        "n": 10,
        "spearman_rho": 0.7939393939393938,
        "spearman_ci_lo": 0.20660377358490653,
        "spearman_ci_hi": 0.9629629629629629,
        "spearman_ci_width": 0.7563591893780564,
        "top10_recall": 0.0,
        "top10_ci_lo": 0.0,
        "top10_ci_hi": 1.0,
        "top20_recall": 0.5,
        "top20_ci_lo": 0.0,
        "top20_ci_hi": 1.0
      },
      "50": {
        "n": 63,
        "spearman_rho": 0.7378400758988969,
        "spearman_ci_lo": 0.5515859195955706,
        "spearman_ci_hi": 0.8672005247697215,
        "spearman_ci_width": 0.31561460517415096,
        "top10_recall": 0.0,
        "top10_ci_lo": 0.0,
        "top10_ci_hi": 0.0,
        "top20_recall": 0.07692307692307693,
        "top20_ci_lo": 0.0,
        "top20_ci_hi": 0.3076923076923077
      }
    },
    "CHGNet": {
      "10": {
        "n": 6,
        "spearman_rho": 0.08571428571428573,
        "spearman_ci_lo": -1.0,
        "spearman_ci_hi": 1.0,
        "spearman_ci_width": 2.0,
        "top10_recall": 0.0,
        "top10_ci_lo": 0.0,
        "top10_ci_hi": 1.0,
        "top20_recall": 0.0,
        "top20_ci_lo": 0.0,
        "top20_ci_hi": 1.0
      },
      "20": {
        "n": 35,
        "spearman_rho": 0.433643813655345,
        "spearman_ci_lo": 0.008786011216444924,
        "spearman_ci_hi": 0.6948585635547693,
        "spearman_ci_width": 0.6860725523383243,
        "top10_recall": 0.0,
        "top10_ci_lo": 0.0,
        "top10_ci_hi": 0.0,
        "top20_recall": 0.0,
        "top20_ci_lo": 0.0,
        "top20_ci_hi": 0.2857142857142857
      },
      "30": {
        "n": 31,
        "spearman_rho": 0.7262096774193549,
        "spearman_ci_lo": 0.45741452559174584,
        "spearman_ci_hi": 0.8588925059315258,
        "spearman_ci_width": 0.40147798033977994,
        "top10_recall": 0.0,
        "top10_ci_lo": 0.0,
        "top10_ci_hi": 0.0,
        "top20_recall": 0.0,
        "top20_ci_lo": 0.0,
        "top20_ci_hi": 0.0
      },
      "40": {
        "n": 10,
        "spearman_rho": 0.8303030303030302,
        "spearman_ci_lo": 0.30290796160361505,
        "spearman_ci_hi": 1.0,
        "spearman_ci_width": 0.697092038396385,
        "top10_recall": 0.0,
        "top10_ci_lo": 0.0,
        "top10_ci_hi": 0.0,
        "top20_recall": 0.0,
        "top20_ci_lo": 0.0,
        "top20_ci_hi": 0.0
      },
      "50": {
        "n": 63,
        "spearman_rho": 0.61107910906298,
        "spearman_ci_lo": 0.3915016077931878,
        "spearman_ci_hi": 0.7738451090975028,
        "spearman_ci_width": 0.382343501304315,
        "top10_recall": 0.0,
        "top10_ci_lo": 0.0,
        "top10_ci_hi": 0.0,
        "top20_recall": 0.07692307692307693,
        "top20_ci_lo": 0.0,
        "top20_ci_hi": 0.3076923076923077
      }
    },
    "TensorNet": {
      "10": {
        "n": 6,
        "spearman_rho": 0.942857142857143,
        "spearman_ci_lo": 0.5151515151515151,
        "spearman_ci_hi": 1.0,
        "spearman_ci_width": 0.48484848484848486,
        "top10_recall": 0.0,
        "top10_ci_lo": 0.0,
        "top10_ci_hi": 1.0,
        "top20_recall": 0.0,
        "top20_ci_lo": 0.0,
        "top20_ci_hi": 1.0
      },
      "20": {
        "n": 35,
        "spearman_rho": 0.3495798319327731,
        "spearman_ci_lo": -0.05857088893010482,
        "spearman_ci_hi": 0.6483129112833809,
        "spearman_ci_width": 0.7068838002134857,
        "top10_recall": 0.0,
        "top10_ci_lo": 0.0,
        "top10_ci_hi": 0.5,
        "top20_recall": 0.2857142857142857,
        "top20_ci_lo": 0.0,
        "top20_ci_hi": 0.42857142857142855
      },
      "30": {
        "n": 31,
        "spearman_rho": 0.875,
        "spearman_ci_lo": 0.7518096500668985,
        "spearman_ci_hi": 0.9335969299327862,
        "spearman_ci_width": 0.18178727986588772,
        "top10_recall": 0.0,
        "top10_ci_lo": 0.0,
        "top10_ci_hi": 0.6666666666666666,
        "top20_recall": 0.16666666666666666,
        "top20_ci_lo": 0.0,
        "top20_ci_hi": 0.8333333333333334
      },
      "40": {
        "n": 10,
        "spearman_rho": 0.5878787878787878,
        "spearman_ci_lo": 0.05263157894736842,
        "spearman_ci_hi": 0.8077830188679246,
        "spearman_ci_width": 0.7551514399205561,
        "top10_recall": 0.0,
        "top10_ci_lo": 0.0,
        "top10_ci_hi": 1.0,
        "top20_recall": 0.0,
        "top20_ci_lo": 0.0,
        "top20_ci_hi": 1.0
      },
      "50": {
        "n": 63,
        "spearman_rho": 0.6260560675883257,
        "spearman_ci_lo": 0.38631730502445666,
        "spearman_ci_hi": 0.7943304672431298,
        "spearman_ci_width": 0.4080131622186732,
        "top10_recall": 0.3333333333333333,
        "top10_ci_lo": 0.0,
        "top10_ci_hi": 0.6666666666666666,
        "top20_recall": 0.3076923076923077,
        "top20_ci_lo": 0.15384615384615385,
        "top20_ci_hi": 0.6153846153846154
      }
    }
  }
}