{
  "train_sizes": [
    10,
    20,
    40,
    60,
    80,
    100
  ],
  "n_seeds": 3,
  "n_total": 364,
  "n_test": 73,
  "learning_curve": {
    "10": {
      "mae_mean": 0.7660035773099692,
      "mae_std": 0.34147112773241156,
      "rmse_mean": 0.8152112511081652,
      "rmse_std": 0.31785419181815827,
      "pearson_r_mean": 0.5195421513909145,
      "pearson_r_std": 0.02626650616343415,
      "n_seeds_ok": 3
    },
    "20": {
      "mae_mean": 0.25453620065104093,
      "mae_std": 0.12843412262509796,
      "rmse_mean": 0.31971472967155384,
      "rmse_std": 0.11921545040805016,
      "pearson_r_mean": 0.5558576611797074,
      "pearson_r_std": 0.022287084186071757,
      "n_seeds_ok": 3
    },
    "40": {
      "mae_mean": 0.14978530323427497,
      "mae_std": 0.00760840362148046,
      "rmse_mean": 0.20321946894278273,
      "rmse_std": 0.010939760857001478,
      "pearson_r_mean": 0.6079105598779139,
      "pearson_r_std": 0.003882324924721812,
      "n_seeds_ok": 3
    },
    "60": {
      "mae_mean": 0.10411055666542011,
      "mae_std": 0.012227972185016044,
      "rmse_mean": 0.15435134747406906,
      "rmse_std": 0.016592986672802207,
      "pearson_r_mean": 0.6197337709861097,
      "pearson_r_std": 0.021161244479598607,
      "n_seeds_ok": 3
    },
    "80": {
      "mae_mean": 0.1077136979822616,
      "mae_std": 0.01899982753325012,
      "rmse_mean": 0.1504467461988992,
      "rmse_std": 0.01189754218000084,
      "pearson_r_mean": 0.6443542850034695,
      "pearson_r_std": 0.023173759047991037,
      "n_seeds_ok": 3
    },
    "100": {
      "mae_mean": 0.08714159973635233,
      "mae_std": 0.002943470717009705,
      "rmse_mean": 0.1298890912861817,
      "rmse_std": 0.008169822808725469,
      "pearson_r_mean": 0.6563616654593145,
      "pearson_r_std": 0.034753921316657055,
      "n_seeds_ok": 2
    }
  }
}