{
  "train_sizes": [
    10,
    20,
    40,
    60,
    80,
    100
  ],
  "learning_curve": {
    "10": {
      "n_seeds": 3,
      "mae_mean": 0.7660035773099692,
      "mae_std": 0.34147112773241156,
      "spearman_r_mean": 0.5461660290427415,
      "spearman_r_std": 0.030341858976969786,
      "top10pct_recall_mean": 0.20833333333333334,
      "top10pct_recall_std": 0.11785113019775792,
      "top15pct_recall_mean": 0.393939393939394,
      "top15pct_recall_std": 0.04285495643554832,
      "top20pct_recall_mean": 0.5333333333333333,
      "top20pct_recall_std": 0.05443310539518172,
      "top25pct_recall_mean": 0.5964912280701754,
      "top25pct_recall_std": 0.024810764252159535,
      "per_seed": [
        {
          "seed": 0,
          "n_preds": 73,
          "mae": 1.2488833144077431,
          "rmse": 1.2647003588676025,
          "pearson_r": 0.48677637764145465,
          "spearman_r": 0.5184499568061213,
          "recall_10": 0.125,
          "recall_15": 0.36363636363636365,
          "recall_20": 0.5333333333333333,
          "recall_25": 0.5789473684210527
        },
        {
          "seed": 1,
          "n_preds": 73,
          "mae": 0.5196477920046744,
          "rmse": 0.5863939354160441,
          "pearson_r": 0.5207692779086055,
          "spearman_r": 0.5316549426138468,
          "recall_10": 0.125,
          "recall_15": 0.36363636363636365,
          "recall_20": 0.4666666666666667,
          "recall_25": 0.5789473684210527
        },
        {
          "seed": 2,
          "n_preds": 73,
          "mae": 0.5294796255174901,
          "rmse": 0.594539459040849,
          "pearson_r": 0.5510807986226833,
          "spearman_r": 0.5883931877082563,
          "recall_10": 0.375,
          "recall_15": 0.45454545454545453,
          "recall_20": 0.6,
          "recall_25": 0.631578947368421
        }
      ]
    },
    "20": {
      "n_seeds": 3,
      "mae_mean": 0.25453620065104093,
      "mae_std": 0.12843412262509796,
      "spearman_r_mean": 0.5551030482537332,
      "spearman_r_std": 0.0535266849910339,
      "top10pct_recall_mean": 0.375,
      "top10pct_recall_std": 0.0,
      "top15pct_recall_mean": 0.48484848484848486,
      "top15pct_recall_std": 0.04285495643554832,
      "top20pct_recall_mean": 0.5777777777777778,
      "top20pct_recall_std": 0.03142696805273544,
      "top25pct_recall_mean": 0.6491228070175439,
      "top25pct_recall_std": 0.049621528504319126,
      "per_seed": [
        {
          "seed": 0,
          "n_preds": 73,
          "mae": 0.1482982867534852,
          "rmse": 0.2176715441587971,
          "pearson_r": 0.5750116287920282,
          "spearman_r": 0.5906145871899298,
          "recall_10": 0.375,
          "recall_15": 0.45454545454545453,
          "recall_20": 0.6,
          "recall_25": 0.6842105263157895
        },
        {
          "seed": 1,
          "n_preds": 73,
          "mae": 0.18006944123728982,
          "rmse": 0.25450862933459817,
          "pearson_r": 0.5679582078095814,
          "spearman_r": 0.5952425027767494,
          "recall_10": 0.375,
          "recall_15": 0.45454545454545453,
          "recall_20": 0.6,
          "recall_25": 0.6842105263157895
        },
        {
          "seed": 2,
          "n_preds": 73,
          "mae": 0.4352408739623478,
          "rmse": 0.48696401552126617,
          "pearson_r": 0.5246031469375125,
          "spearman_r": 0.4794520547945206,
          "recall_10": 0.375,
          "recall_15": 0.5454545454545454,
          "recall_20": 0.5333333333333333,
          "recall_25": 0.5789473684210527
        }
      ]
    },
    "40": {
      "n_seeds": 3,
      "mae_mean": 0.14978530323427497,
      "mae_std": 0.00760840362148046,
      "spearman_r_mean": 0.6711317239328102,
      "spearman_r_std": 0.009973299675517067,
      "top10pct_recall_mean": 0.4166666666666667,
      "top10pct_recall_std": 0.05892556509887896,
      "top15pct_recall_mean": 0.4545454545454546,
      "top15pct_recall_std": 0.07422696190252052,
      "top20pct_recall_mean": 0.5333333333333333,
      "top20pct_recall_std": 0.09428090415820632,
      "top25pct_recall_mean": 0.6140350877192983,
      "top25pct_recall_std": 0.09924305700863828,
      "per_seed": [
        {
          "seed": 0,
          "n_preds": 73,
          "mae": 0.1596785785546312,
          "rmse": 0.21468077066975147,
          "pearson_r": 0.6067726034068297,
          "spearman_r": 0.6801493274096014,
          "recall_10": 0.375,
          "recall_15": 0.45454545454545453,
          "recall_20": 0.6,
          "recall_25": 0.6842105263157895
        },
        {
          "seed": 1,
          "n_preds": 73,
          "mae": 0.1485025482247502,
          "rmse": 0.20648862215800534,
          "pearson_r": 0.6131311466023674,
          "spearman_r": 0.6760150561520425,
          "recall_10": 0.5,
          "recall_15": 0.5454545454545454,
          "recall_20": 0.6,
          "recall_25": 0.6842105263157895
        },
        {
          "seed": 2,
          "n_preds": 73,
          "mae": 0.14117478292344354,
          "rmse": 0.18848901400059143,
          "pearson_r": 0.6038279296245447,
          "spearman_r": 0.6572307882367868,
          "recall_10": 0.375,
          "recall_15": 0.36363636363636365,
          "recall_20": 0.4,
          "recall_25": 0.47368421052631576
        }
      ]
    },
    "60": {
      "n_seeds": 3,
      "mae_mean": 0.10411055666542011,
      "mae_std": 0.012227972185016044,
      "spearman_r_mean": 0.6468093352506893,
      "spearman_r_std": 0.02983810973208472,
      "top10pct_recall_mean": 0.2916666666666667,
      "top10pct_recall_std": 0.05892556509887896,
      "top15pct_recall_mean": 0.42424242424242425,
      "top15pct_recall_std": 0.042854956435548326,
      "top20pct_recall_mean": 0.4666666666666666,
      "top20pct_recall_std": 0.09428090415820634,
      "top25pct_recall_mean": 0.5614035087719298,
      "top25pct_recall_std": 0.09924305700863825,
      "per_seed": [
        {
          "seed": 0,
          "n_preds": 73,
          "mae": 0.08908477678256364,
          "rmse": 0.13380349456788637,
          "pearson_r": 0.6460219486316918,
          "spearman_r": 0.6831728989263236,
          "recall_10": 0.25,
          "recall_15": 0.45454545454545453,
          "recall_20": 0.5333333333333333,
          "recall_25": 0.631578947368421
        },
        {
          "seed": 1,
          "n_preds": 73,
          "mae": 0.10421032244626337,
          "rmse": 0.15481048326229663,
          "pearson_r": 0.61897500367484,
          "spearman_r": 0.6471677156608665,
          "recall_10": 0.25,
          "recall_15": 0.36363636363636365,
          "recall_20": 0.3333333333333333,
          "recall_25": 0.42105263157894735
        },
        {
          "seed": 2,
          "n_preds": 73,
          "mae": 0.1190365707674333,
          "rmse": 0.17444006459202419,
          "pearson_r": 0.5942043606517974,
          "spearman_r": 0.6100873911648776,
          "recall_10": 0.375,
          "recall_15": 0.45454545454545453,
          "recall_20": 0.5333333333333333,
          "recall_25": 0.631578947368421
        }
      ]
    },
    "80": {
      "n_seeds": 3,
      "mae_mean": 0.1077136979822616,
      "mae_std": 0.01899982753325012,
      "spearman_r_mean": 0.6815291336365873,
      "spearman_r_std": 0.019685416023453254,
      "top10pct_recall_mean": 0.3333333333333333,
      "top10pct_recall_std": 0.11785113019775792,
      "top15pct_recall_mean": 0.48484848484848486,
      "top15pct_recall_std": 0.042854956435548326,
      "top20pct_recall_mean": 0.5555555555555555,
      "top20pct_recall_std": 0.03142696805273544,
      "top25pct_recall_mean": 0.631578947368421,
      "top25pct_recall_std": 0.042973504259354,
      "per_seed": [
        {
          "seed": 0,
          "n_preds": 73,
          "mae": 0.1335688829521286,
          "rmse": 0.15850575944051049,
          "pearson_r": 0.6735505997480528,